Male,Age,Debt,Married,BankCustomer,EducationLevel,Ethnicity,YearsEmployed,PriorDefault,Employed,CreditScore,DriversLicense,Citizen,Income,Approved
b,30.83,0,u,g,w,v,1.25,t,t,1,f,g,0,Yes
a,58.67,4.46,u,g,q,h,3.04,t,t,6,f,g,560,Yes
a,24.5,0.5,u,g,q,h,1.5,t,f,0,f,g,824,Yes
b,27.83,1.54,u,g,w,v,3.75,t,t,5,t,g,3,Yes
b,20.17,5.625,u,g,w,v,1.71,t,f,0,f,s,0,Yes
b,32.08,4,u,g,m,v,2.5,t,f,0,t,g,0,Yes
b,33.17,1.04,u,g,r,h,6.5,t,f,0,t,g,31285,Yes
a,22.92,11.585,u,g,cc,v,0.04,t,f,0,f,g,1349,Yes
b,54.42,0.5,y,p,k,h,3.96,t,f,0,f,g,314,Yes
b,42.5,4.915,y,p,w,v,3.165,t,f,0,t,g,1442,Yes
b,22.08,0.83,u,g,c,h,2.165,f,f,0,t,g,0,Yes
b,29.92,1.835,u,g,c,h,4.335,t,f,0,f,g,200,Yes
a,38.25,6,u,g,k,v,1,t,f,0,t,g,0,Yes
b,48.08,6.04,u,g,k,v,0.04,f,f,0,f,g,2690,Yes
a,45.83,10.5,u,g,q,v,5,t,t,7,t,g,0,Yes
b,36.67,4.415,y,p,k,v,0.25,t,t,10,t,g,0,Yes
b,28.25,0.875,u,g,m,v,0.96,t,t,3,t,g,0,Yes
a,23.25,5.875,u,g,q,v,3.17,t,t,10,f,g,245,Yes
b,21.83,0.25,u,g,d,h,0.665,t,f,0,t,g,0,Yes
a,19.17,8.585,u,g,cc,h,0.75,t,t,7,f,g,0,Yes
b,25,11.25,u,g,c,v,2.5,t,t,17,f,g,1208,Yes
b,23.25,1,u,g,c,v,0.835,t,f,0,f,s,0,Yes
a,47.75,8,u,g,c,v,7.875,t,t,6,t,g,1260,Yes
a,27.42,14.5,u,g,x,h,3.085,t,t,1,f,g,11,Yes
a,41.17,6.5,u,g,q,v,0.5,t,t,3,t,g,0,Yes
a,15.83,0.585,u,g,c,h,1.5,t,t,2,f,g,0,Yes
a,47,13,u,g,i,bb,5.165,t,t,9,t,g,0,Yes
b,56.58,18.5,u,g,d,bb,15,t,t,17,t,g,0,Yes
b,57.42,8.5,u,g,e,h,7,t,t,3,f,g,0,Yes
b,42.08,1.04,u,g,w,v,5,t,t,6,t,g,10000,Yes
b,29.25,14.79,u,g,aa,v,5.04,t,t,5,t,g,0,Yes
b,42,9.79,u,g,x,h,7.96,t,t,8,f,g,0,Yes
b,49.5,7.585,u,g,i,bb,7.585,t,t,15,t,g,5000,Yes
a,36.75,5.125,u,g,e,v,5,t,f,0,t,g,4000,Yes
a,22.58,10.75,u,g,q,v,0.415,t,t,5,t,g,560,Yes
b,27.83,1.5,u,g,w,v,2,t,t,11,t,g,35,Yes
b,27.25,1.585,u,g,cc,h,1.835,t,t,12,t,g,713,Yes
a,23,11.75,u,g,x,h,0.5,t,t,2,t,g,551,Yes
b,27.75,0.585,y,p,cc,v,0.25,t,t,2,f,g,500,Yes
b,54.58,9.415,u,g,ff,ff,14.415,t,t,11,t,g,300,Yes
b,34.17,9.17,u,g,c,v,4.5,t,t,12,t,g,221,Yes
b,28.92,15,u,g,c,h,5.335,t,t,11,f,g,2283,Yes
b,29.67,1.415,u,g,w,h,0.75,t,t,1,f,g,100,Yes
b,39.58,13.915,u,g,w,v,8.625,t,t,6,t,g,0,Yes
b,56.42,28,y,p,c,v,28.5,t,t,40,f,g,15,Yes
b,54.33,6.75,u,g,c,h,2.625,t,t,11,t,g,284,Yes
a,41,2.04,y,p,q,h,0.125,t,t,23,t,g,1236,Yes
b,31.92,4.46,u,g,cc,h,6.04,t,t,3,f,g,300,Yes
b,41.5,1.54,u,g,i,bb,3.5,f,f,0,f,g,0,Yes
b,23.92,0.665,u,g,c,v,0.165,f,f,0,f,g,0,Yes
a,25.75,0.5,u,g,c,h,0.875,t,f,0,t,g,0,Yes
b,26,1,u,g,q,v,1.75,t,f,0,t,g,0,Yes
b,37.42,2.04,u,g,w,v,0.04,t,f,0,t,g,5800,Yes
b,34.92,2.5,u,g,w,v,0,t,f,0,t,g,200,Yes
b,34.25,3,u,g,cc,h,7.415,t,f,0,t,g,0,Yes
b,23.33,11.625,y,p,w,v,0.835,t,f,0,t,g,300,Yes
b,23.17,0,u,g,cc,v,0.085,t,f,0,f,g,0,Yes
b,44.33,0.5,u,g,i,h,5,t,f,0,t,g,0,Yes
b,35.17,4.5,u,g,x,h,5.75,f,f,0,t,s,0,Yes
b,43.25,3,u,g,q,h,6,t,t,11,f,g,0,Yes
b,56.75,12.25,u,g,m,v,1.25,t,t,4,t,g,0,Yes
b,31.67,16.165,u,g,d,v,3,t,t,9,f,g,730,Yes
a,23.42,0.79,y,p,q,v,1.5,t,t,2,t,g,400,Yes
a,20.42,0.835,u,g,q,v,1.585,t,t,1,f,g,0,Yes
b,26.67,4.25,u,g,cc,v,4.29,t,t,1,t,g,0,Yes
b,34.17,1.54,u,g,cc,v,1.54,t,t,1,t,g,50000,Yes
a,36,1,u,g,c,v,2,t,t,11,f,g,456,Yes
b,25.5,0.375,u,g,m,v,0.25,t,t,3,f,g,15108,Yes
b,19.42,6.5,u,g,w,h,1.46,t,t,7,f,g,2954,Yes
b,35.17,25.125,u,g,x,h,1.625,t,t,1,t,g,500,Yes
b,32.33,7.5,u,g,e,bb,1.585,t,f,0,t,s,0,No
b,34.83,4,u,g,d,bb,12.5,t,f,0,t,g,0,No
a,38.58,5,u,g,cc,v,13.5,t,f,0,t,g,0,No
b,44.25,0.5,u,g,m,v,10.75,t,f,0,f,s,0,No
b,44.83,7,y,p,c,v,1.625,f,f,0,f,g,2,No
b,20.67,5.29,u,g,q,v,0.375,t,t,1,f,g,0,No
b,34.08,6.5,u,g,aa,v,0.125,t,f,0,t,g,0,No
a,19.17,0.585,y,p,aa,v,0.585,t,f,0,t,g,0,No
b,21.67,1.165,y,p,k,v,2.5,t,t,1,f,g,20,No
b,21.5,9.75,u,g,c,v,0.25,t,f,0,f,g,0,No
b,49.58,19,u,g,ff,ff,0,t,t,1,f,g,0,No
a,27.67,1.5,u,g,m,v,2,t,f,0,f,s,0,No
b,39.83,0.5,u,g,m,v,0.25,t,f,0,f,s,0,No
a,49.58,3.5,u,g,d,v,3,t,f,0,t,g,0,No
b,27.25,0.625,u,g,aa,v,0.455,t,f,0,t,g,0,No
b,37.17,4,u,g,c,bb,5,t,f,0,t,s,0,No
b,49.58,0.375,u,g,d,v,0.875,t,f,0,t,s,0,No
b,25.67,2.21,y,p,aa,v,4,t,f,0,f,g,0,No
b,34,4.5,u,g,aa,v,1,t,f,0,t,g,0,No
a,49,1.5,u,g,j,j,0,t,f,0,t,g,27,No
b,62.5,12.75,y,p,c,h,5,t,f,0,f,g,0,No
b,31.42,15.5,u,g,c,v,0.5,t,f,0,f,g,0,No
b,49.58,5,y,p,aa,v,8.5,t,f,0,f,g,0,No
b,52.33,1.375,y,p,c,h,9.46,t,f,0,t,g,100,No
b,28.75,1.5,y,p,c,v,1.5,t,f,0,t,g,225,No
a,28.58,3.54,u,g,i,bb,0.5,t,f,0,t,g,0,No
b,23,0.625,y,p,aa,v,0.125,t,f,0,f,g,1,No
b,49.58,0.5,u,g,c,bb,0.835,t,f,0,t,s,0,No
a,22.5,11,y,p,q,v,3,t,f,0,t,g,0,No
a,28.5,1,u,g,q,v,1,t,t,2,t,g,500,No
b,37.5,1.75,y,p,c,bb,0.25,t,f,0,t,g,400,No
b,35.25,16.5,y,p,c,v,4,t,f,0,f,g,0,No
b,18.67,5,u,g,q,v,0.375,t,t,2,f,g,38,No
b,25,12,u,g,k,v,2.25,t,t,2,t,g,5,No
b,27.83,4,y,p,i,h,5.75,t,t,2,t,g,0,No
b,54.83,15.5,u,g,e,z,0,t,t,20,f,g,130,No
b,28.75,1.165,u,g,k,v,0.5,t,f,0,f,s,0,No
a,25,11,y,p,aa,v,4.5,t,f,0,f,g,0,No
b,40.92,2.25,y,p,x,h,10,t,f,0,t,g,0,No
a,19.75,0.75,u,g,c,v,0.795,t,t,5,t,g,5,No
b,29.17,3.5,u,g,w,v,3.5,t,t,3,t,g,0,No
a,24.5,1.04,y,p,ff,ff,0.5,t,t,3,f,g,147,No
b,24.58,12.5,u,g,w,v,0.875,t,f,0,t,g,0,No
a,33.75,0.75,u,g,k,bb,1,t,t,3,t,g,0,No
b,20.67,1.25,y,p,c,h,1.375,t,t,3,t,g,210,No
a,25.42,1.125,u,g,q,v,1.29,t,t,2,f,g,0,No
b,37.75,7,u,g,q,h,11.5,t,t,7,t,g,5,No
b,52.5,6.5,u,g,k,v,6.29,t,t,15,f,g,11202,Yes
b,57.83,7.04,u,g,m,v,14,t,t,6,t,g,1332,Yes
a,20.75,10.335,u,g,cc,h,0.335,t,t,1,t,g,50,Yes
b,39.92,6.21,u,g,q,v,0.04,t,t,1,f,g,300,Yes
b,25.67,12.5,u,g,cc,v,1.21,t,t,67,t,g,258,Yes
a,24.75,12.5,u,g,aa,v,1.5,t,t,12,t,g,567,Yes
a,44.17,6.665,u,g,q,v,7.375,t,t,3,t,g,0,Yes
a,23.5,9,u,g,q,v,8.5,t,t,5,t,g,0,Yes
b,34.92,5,u,g,x,h,7.5,t,t,6,t,g,1000,Yes
b,47.67,2.5,u,g,m,bb,2.5,t,t,12,t,g,2510,Yes
b,22.75,11,u,g,q,v,2.5,t,t,7,t,g,809,Yes
b,34.42,4.25,u,g,i,bb,3.25,t,t,2,f,g,610,Yes
a,28.42,3.5,u,g,w,v,0.835,t,f,0,f,s,0,Yes
b,67.75,5.5,u,g,e,z,13,t,t,1,t,g,0,Yes
b,20.42,1.835,u,g,c,v,2.25,t,t,1,f,g,150,Yes
a,47.42,8,u,g,e,bb,6.5,t,t,6,f,g,51100,Yes
b,36.25,5,u,g,c,bb,2.5,t,t,6,f,g,367,Yes
b,32.67,5.5,u,g,q,h,5.5,t,t,12,t,g,1000,Yes
b,48.58,6.5,u,g,q,h,6,t,f,0,t,g,0,Yes
b,39.92,0.54,y,p,aa,v,0.5,t,t,3,f,g,1000,Yes
b,33.58,2.75,u,g,m,v,4.25,t,t,6,f,g,0,Yes
a,18.83,9.5,u,g,w,v,1.625,t,t,6,t,g,600,Yes
a,26.92,13.5,u,g,q,h,5,t,t,2,f,g,5000,Yes
a,31.25,3.75,u,g,cc,h,0.625,t,t,9,t,g,0,Yes
a,56.5,16,u,g,j,ff,0,t,t,15,f,g,247,Yes
b,43,0.29,y,p,cc,h,1.75,t,t,8,f,g,375,Yes
b,22.33,11,u,g,w,v,2,t,t,1,f,g,278,Yes
b,27.25,1.665,u,g,cc,h,5.085,t,t,9,f,g,827,Yes
b,32.83,2.5,u,g,cc,h,2.75,t,t,6,f,g,2072,Yes
b,23.25,1.5,u,g,q,v,2.375,t,t,3,t,g,582,Yes
a,40.33,7.54,y,p,q,h,8,t,t,14,f,g,2300,Yes
a,30.5,6.5,u,g,c,bb,4,t,t,7,t,g,3065,Yes
a,52.83,15,u,g,c,v,5.5,t,t,14,f,g,2200,Yes
a,46.67,0.46,u,g,cc,h,0.415,t,t,11,t,g,6,Yes
a,58.33,10,u,g,q,v,4,t,t,14,f,g,1602,Yes
b,37.33,6.5,u,g,m,h,4.25,t,t,12,t,g,0,Yes
b,23.08,2.5,u,g,c,v,1.085,t,t,11,t,g,2184,Yes
b,32.75,1.5,u,g,cc,h,5.5,t,t,3,t,g,0,Yes
a,21.67,11.5,y,p,j,j,0,t,t,11,t,g,0,Yes
a,28.5,3.04,y,p,x,h,2.54,t,t,1,f,g,0,Yes
a,68.67,15,u,g,e,z,0,t,t,14,f,g,3376,Yes
b,28,2,u,g,k,h,4.165,t,t,2,t,g,0,Yes
b,34.08,0.08,y,p,m,bb,0.04,t,t,1,t,g,2000,Yes
b,27.67,2,u,g,x,h,1,t,t,4,f,g,7544,Yes
b,44,2,u,g,m,v,1.75,t,t,2,t,g,15,Yes
b,25.08,1.71,u,g,x,v,1.665,t,t,1,t,g,20,Yes
b,32,1.75,y,p,e,h,0.04,t,f,0,t,g,0,Yes
a,60.58,16.5,u,g,q,v,11,t,f,0,t,g,10561,Yes
a,40.83,10,u,g,q,h,1.75,t,f,0,f,g,837,Yes
b,19.33,9.5,u,g,q,v,1,t,f,0,t,g,400,Yes
a,32.33,0.54,u,g,cc,v,0.04,t,f,0,f,g,11177,Yes
b,36.67,3.25,u,g,q,h,9,t,f,0,t,g,639,Yes
b,37.5,1.125,y,p,d,v,1.5,f,f,0,t,g,0,Yes
a,25.08,2.54,y,p,aa,v,0.25,t,f,0,t,g,0,Yes
b,41.33,0,u,g,c,bb,15,t,f,0,f,g,0,Yes
b,56,12.5,u,g,k,h,8,t,f,0,t,g,2028,Yes
a,49.83,13.585,u,g,k,h,8.5,t,f,0,t,g,0,Yes
b,22.67,10.5,u,g,q,h,1.335,t,f,0,f,g,0,Yes
b,27,1.5,y,p,w,v,0.375,t,f,0,t,g,1065,Yes
b,25,12.5,u,g,aa,v,3,t,f,0,t,s,0,Yes
a,26.08,8.665,u,g,aa,v,1.415,t,f,0,f,g,150,Yes
a,18.42,9.25,u,g,q,v,1.21,t,t,4,f,g,540,Yes
b,20.17,8.17,u,g,aa,v,1.96,t,t,14,f,g,158,Yes
b,47.67,0.29,u,g,c,bb,15,t,t,20,f,g,15000,Yes
a,21.25,2.335,u,g,i,bb,0.5,t,t,4,f,s,0,Yes
a,20.67,3,u,g,q,v,0.165,t,t,3,f,g,6,Yes
a,57.08,19.5,u,g,c,v,5.5,t,t,7,f,g,3000,Yes
a,22.42,5.665,u,g,q,v,2.585,t,t,7,f,g,3257,Yes
b,48.75,8.5,u,g,c,h,12.5,t,t,9,f,g,1655,Yes
b,40,6.5,u,g,aa,bb,3.5,t,t,1,f,g,500,Yes
b,40.58,5,u,g,c,v,5,t,t,7,f,g,3065,Yes
a,28.67,1.04,u,g,c,v,2.5,t,t,5,t,g,1430,Yes
a,33.08,4.625,u,g,q,h,1.625,t,t,2,f,g,0,Yes
b,21.33,10.5,u,g,c,v,3,t,f,0,t,g,0,Yes
b,42,0.205,u,g,i,h,5.125,t,f,0,f,g,0,Yes
b,41.75,0.96,u,g,x,v,2.5,t,f,0,f,g,600,Yes
b,22.67,1.585,y,p,w,v,3.085,t,t,6,f,g,0,Yes
b,34.5,4.04,y,p,i,bb,8.5,t,t,7,t,g,0,Yes
b,28.25,5.04,y,p,c,bb,1.5,t,t,8,t,g,7,Yes
b,33.17,3.165,y,p,x,v,3.165,t,t,3,t,g,0,Yes
b,48.17,7.625,u,g,w,h,15.5,t,t,12,f,g,790,Yes
b,27.58,2.04,y,p,aa,v,2,t,t,3,t,g,560,Yes
b,22.58,10.04,u,g,x,v,0.04,t,t,9,f,g,396,Yes
a,24.08,0.5,u,g,q,h,1.25,t,t,1,f,g,678,Yes
a,41.33,1,u,g,i,bb,2.25,t,f,0,t,g,300,Yes
b,24.83,2.75,u,g,c,v,2.25,t,t,6,f,g,600,Yes
a,20.75,10.25,u,g,q,v,0.71,t,t,2,t,g,0,Yes
b,36.33,2.125,y,p,w,v,0.085,t,t,1,f,g,1187,Yes
a,35.42,12,u,g,q,h,14,t,t,8,f,g,6590,Yes
a,71.58,0,?,?,?,?,0,f,f,0,f,p,0,Yes
b,28.67,9.335,u,g,q,h,5.665,t,t,6,f,g,168,Yes
b,35.17,2.5,u,g,k,v,4.5,t,t,7,f,g,1270,Yes
b,39.5,4.25,u,g,c,bb,6.5,t,t,16,f,g,1210,Yes
b,39.33,5.875,u,g,cc,h,10,t,t,14,t,g,0,Yes
b,24.33,6.625,y,p,d,v,5.5,t,f,0,t,s,0,Yes
b,60.08,14.5,u,g,ff,ff,18,t,t,15,t,g,1000,Yes
b,23.08,11.5,u,g,i,v,3.5,t,t,9,f,g,742,Yes
b,26.67,2.71,y,p,cc,v,5.25,t,t,1,f,g,0,Yes
b,48.17,3.5,u,g,aa,v,3.5,t,f,0,f,s,0,Yes
b,41.17,4.04,u,g,cc,h,7,t,t,8,f,g,0,Yes
b,55.92,11.5,u,g,ff,ff,5,t,t,5,f,g,8851,Yes
b,53.92,9.625,u,g,e,v,8.665,t,t,5,f,g,0,Yes
a,18.92,9.25,y,p,c,v,1,t,t,4,t,g,500,Yes
a,50.08,12.54,u,g,aa,v,2.29,t,t,3,t,g,0,Yes
b,65.42,11,u,g,e,z,20,t,t,7,t,g,0,Yes
a,17.58,9,u,g,aa,v,1.375,t,f,0,t,g,0,Yes
a,18.83,9.54,u,g,aa,v,0.085,t,f,0,f,g,0,Yes
a,37.75,5.5,u,g,q,v,0.125,t,f,0,t,g,0,Yes
b,23.25,4,u,g,c,bb,0.25,t,f,0,t,g,0,Yes
b,18.08,5.5,u,g,k,v,0.5,t,f,0,f,g,0,Yes
a,22.5,8.46,y,p,x,v,2.46,f,f,0,f,g,0,Yes
b,19.67,0.375,u,g,q,v,2,t,t,2,t,g,0,Yes
b,22.08,11,u,g,cc,v,0.665,t,f,0,f,g,0,Yes
b,25.17,3.5,u,g,cc,v,0.625,t,t,7,f,g,7059,Yes
a,47.42,3,u,g,x,v,13.875,t,t,2,t,g,1704,Yes
b,33.5,1.75,u,g,x,h,4.5,t,t,4,t,g,857,Yes
b,27.67,13.75,u,g,w,v,5.75,t,f,0,t,g,500,Yes
a,58.42,21,u,g,i,bb,10,t,t,13,f,g,6700,Yes
a,20.67,1.835,u,g,q,v,2.085,t,t,5,f,g,2503,Yes
b,26.17,0.25,u,g,i,bb,0,t,f,0,t,g,0,Yes
b,21.33,7.5,u,g,aa,v,1.415,t,t,1,f,g,9800,Yes
b,42.83,4.625,u,g,q,v,4.58,t,f,0,f,s,0,Yes
b,38.17,10.125,u,g,x,v,2.5,t,t,6,f,g,196,Yes
b,20.5,10,y,p,c,v,2.5,t,f,0,f,s,0,Yes
b,48.25,25.085,u,g,w,v,1.75,t,t,3,f,g,14,Yes
b,28.33,5,u,g,w,v,11,t,f,0,t,g,0,Yes
a,18.75,7.5,u,g,q,v,2.71,t,t,5,f,g,26726,Yes
b,18.5,2,u,g,i,v,1.5,t,t,2,f,g,300,Yes
b,33.17,3.04,y,p,c,h,2.04,t,t,1,t,g,18027,Yes
b,45,8.5,u,g,cc,h,14,t,t,1,t,g,2000,Yes
a,19.67,0.21,u,g,q,h,0.29,t,t,11,f,g,99,Yes
?,24.5,12.75,u,g,c,bb,4.75,t,t,2,f,g,444,Yes
b,21.83,11,u,g,x,v,0.29,t,t,6,f,g,0,Yes
b,40.25,21.5,u,g,e,z,20,t,t,11,f,g,1200,Yes
b,41.42,5,u,g,q,h,5,t,t,6,t,g,0,Yes
a,17.83,11,u,g,x,h,1,t,t,11,f,g,3000,Yes
b,23.17,11.125,u,g,x,h,0.46,t,t,1,f,g,0,Yes
b,24.5,0.625,u,g,k,v,0.25,f,f,0,f,g,2010,No
b,18.17,10.25,u,g,c,h,1.085,f,f,0,f,g,13,No
b,20,11.045,u,g,c,v,2,f,f,0,t,g,0,No
b,20,0,u,g,d,v,0.5,f,f,0,f,g,0,No
a,20.75,9.54,u,g,i,v,0.04,f,f,0,f,g,1000,No
a,24.5,1.75,y,p,c,v,0.165,f,f,0,f,g,0,No
b,32.75,2.335,u,g,d,h,5.75,f,f,0,t,g,0,No
a,52.17,0,y,p,ff,ff,0,f,f,0,f,g,0,No
a,48.17,1.335,u,g,i,o,0.335,f,f,0,f,g,120,No
a,20.42,10.5,y,p,x,h,0,f,f,0,t,g,32,No
b,50.75,0.585,u,g,ff,ff,0,f,f,0,f,g,0,No
b,17.08,0.085,y,p,c,v,0.04,f,f,0,f,g,722,No
b,18.33,1.21,y,p,e,dd,0,f,f,0,f,g,0,No
a,32,6,u,g,d,v,1.25,f,f,0,f,g,0,No
b,59.67,1.54,u,g,q,v,0.125,t,f,0,t,g,0,Yes
b,18,0.165,u,g,q,n,0.21,f,f,0,f,g,40,Yes
b,37.58,0,?,?,?,?,0,f,f,0,f,p,0,Yes
b,32.33,2.5,u,g,c,v,1.25,f,f,0,t,g,0,No
b,18.08,6.75,y,p,m,v,0.04,f,f,0,f,g,0,No
b,38.25,10.125,y,p,k,v,0.125,f,f,0,f,g,0,No
b,30.67,2.5,u,g,cc,h,2.25,f,f,0,t,s,0,No
b,18.58,5.71,u,g,d,v,0.54,f,f,0,f,g,0,No
a,19.17,5.415,u,g,i,h,0.29,f,f,0,f,g,484,No
a,18.17,10,y,p,q,h,0.165,f,f,0,f,g,0,No
b,24.58,13.5,y,p,ff,ff,0,f,f,0,f,g,0,No
b,16.25,0.835,u,g,m,v,0.085,t,f,0,f,s,0,No
b,21.17,0.875,y,p,c,h,0.25,f,f,0,f,g,204,No
b,23.92,0.585,y,p,cc,h,0.125,f,f,0,f,g,1,No
b,17.67,4.46,u,g,c,v,0.25,f,f,0,f,s,0,No
a,16.5,1.25,u,g,q,v,0.25,f,t,1,f,g,98,No
b,23.25,12.625,u,g,c,v,0.125,f,t,2,f,g,5552,No
b,17.58,10,u,g,w,h,0.165,f,t,1,f,g,1,No
a,49.58,1.5,u,g,ff,ff,0,f,t,2,t,g,105,No
b,29.5,0.58,u,g,w,v,0.29,f,t,1,f,g,2803,No
b,18.83,0.415,y,p,c,v,0.165,f,t,1,f,g,1,No
a,21.75,1.75,y,p,j,j,0,f,f,0,f,g,0,No
b,23,0.75,u,g,m,v,0.5,f,f,0,t,s,0,No
a,18.25,10,u,g,w,v,1,f,t,1,f,g,1,No
b,25.42,0.54,u,g,w,v,0.165,f,t,1,f,g,444,No
b,35.75,2.415,u,g,w,v,0.125,f,t,2,f,g,1,No
a,16.08,0.335,u,g,ff,ff,0,f,t,1,f,g,126,No
a,31.92,3.125,u,g,ff,ff,3.04,f,t,2,t,g,4,No
b,69.17,9,u,g,ff,ff,4,f,t,1,f,g,6,No
b,32.92,2.5,u,g,aa,v,1.75,f,t,2,t,g,0,No
b,16.33,2.75,u,g,aa,v,0.665,f,t,1,f,g,21,No
b,22.17,12.125,u,g,c,v,3.335,f,t,2,t,g,173,No
a,57.58,2,u,g,ff,ff,6.5,f,t,1,f,g,10,No
b,18.25,0.165,u,g,d,v,0.25,f,f,0,t,s,0,No
b,23.42,1,u,g,c,v,0.5,f,f,0,t,s,0,No
a,15.92,2.875,u,g,q,v,0.085,f,f,0,f,g,0,No
a,24.75,13.665,u,g,q,h,1.5,f,f,0,f,g,1,No
b,48.75,26.335,y,p,ff,ff,0,t,f,0,t,g,0,No
b,23.5,2.75,u,g,ff,ff,4.5,f,f,0,f,g,25,No
b,18.58,10.29,u,g,ff,ff,0.415,f,f,0,f,g,0,No
b,27.75,1.29,u,g,k,h,0.25,f,f,0,t,s,0,No
a,31.75,3,y,p,j,j,0,f,f,0,f,g,20,No
a,24.83,4.5,u,g,w,v,1,f,f,0,t,g,6,No
b,19,1.75,y,p,c,v,2.335,f,f,0,t,g,6,No
a,16.33,0.21,u,g,aa,v,0.125,f,f,0,f,g,1,No
a,18.58,10,u,g,d,v,0.415,f,f,0,f,g,42,No
b,16.25,0,y,p,aa,v,0.25,f,f,0,f,g,0,No
b,23,0.75,u,g,m,v,0.5,t,f,0,t,s,0,No
b,21.17,0.25,y,p,c,h,0.25,f,f,0,f,g,204,No
b,17.5,22,l,gg,ff,o,0,f,f,0,t,p,100000,Yes
b,19.17,0,y,p,m,bb,0,f,f,0,t,s,1,Yes
b,36.75,0.125,y,p,c,v,1.5,f,f,0,t,g,113,Yes
b,21.25,1.5,u,g,w,v,1.5,f,f,0,f,g,8,Yes
a,18.08,0.375,l,gg,cc,ff,10,f,f,0,t,s,0,Yes
a,33.67,0.375,u,g,cc,v,0.375,f,f,0,f,g,44,Yes
b,48.58,0.205,y,p,k,v,0.25,t,t,11,f,g,2732,Yes
b,33.67,1.25,u,g,w,v,1.165,f,f,0,f,g,0,No
a,29.5,1.085,y,p,x,v,1,f,f,0,f,g,13,No
b,30.17,1.085,y,p,c,v,0.04,f,f,0,f,g,179,No
?,40.83,3.5,u,g,i,bb,0.5,f,f,0,f,s,0,No
b,34.83,2.5,y,p,w,v,3,f,f,0,f,s,0,No
b,49.58,4,y,p,i,v,0.085,f,f,0,t,g,0,No
b,20.42,0,?,?,?,?,0,f,f,0,f,p,0,No
a,33.25,2.5,y,p,c,v,2.5,f,f,0,t,g,2,No
b,34.08,2.5,u,g,c,v,1,f,f,0,f,g,16,No
a,25.25,12.5,u,g,d,v,1,f,f,0,t,g,1062,No
b,34.75,2.5,u,g,cc,bb,0.5,f,f,0,f,g,0,No
b,27.67,0.75,u,g,q,h,0.165,f,f,0,t,g,251,No
b,47.33,6.5,u,g,c,v,1,f,f,0,t,g,228,No
a,34.83,1.25,y,p,i,h,0.5,f,f,0,t,g,0,No
a,33.25,3,y,p,aa,v,2,f,f,0,f,g,0,No
b,28,3,u,g,w,v,0.75,f,f,0,t,g,67,No
a,39.08,4,u,g,c,v,3,f,f,0,f,g,0,No
b,42.75,4.085,u,g,aa,v,0.04,f,f,0,f,g,100,No
b,26.92,2.25,u,g,i,bb,0.5,f,f,0,t,g,4000,No
b,33.75,2.75,u,g,i,bb,0,f,f,0,f,g,0,No
b,38.92,1.75,u,g,k,v,0.5,f,f,0,t,g,2,No
b,62.75,7,u,g,e,z,0,f,f,0,f,g,12,No
?,32.25,1.5,u,g,c,v,0.25,f,f,0,t,g,122,No
b,26.75,4.5,y,p,c,bb,2.5,f,f,0,f,g,1210,No
b,63.33,0.54,u,g,c,v,0.585,t,t,3,t,g,0,No
b,27.83,1.5,u,g,w,v,2.25,f,t,1,t,g,3,No
a,26.17,2,u,g,j,j,0,f,f,0,t,g,1,No
b,22.17,0.585,y,p,ff,ff,0,f,f,0,f,g,0,No
b,22.5,11.5,y,p,m,v,1.5,f,f,0,t,g,4000,No
b,30.75,1.585,u,g,d,v,0.585,f,f,0,t,s,0,No
b,36.67,2,u,g,i,v,0.25,f,f,0,t,g,0,No
a,16,0.165,u,g,aa,v,1,f,t,2,t,g,1,No
b,41.17,1.335,u,g,d,v,0.165,f,f,0,f,g,0,No
a,19.5,0.165,u,g,q,v,0.04,f,f,0,t,g,0,No
b,32.42,3,u,g,d,v,0.165,f,f,0,t,g,0,No
a,36.75,4.71,u,g,ff,ff,0,f,f,0,f,g,0,No
a,30.25,5.5,u,g,k,v,5.5,f,f,0,t,s,0,No
b,23.08,2.5,u,g,ff,ff,0.085,f,f,0,t,g,4208,No
b,26.83,0.54,u,g,k,ff,0,f,f,0,f,g,0,No
b,16.92,0.335,y,p,k,v,0.29,f,f,0,f,s,0,No
b,24.42,2,u,g,e,dd,0.165,f,t,2,f,g,1300,No
b,42.83,1.25,u,g,m,v,13.875,f,t,1,t,g,112,No
a,22.75,6.165,u,g,aa,v,0.165,f,f,0,f,g,1000,No
b,39.42,1.71,y,p,m,v,0.165,f,f,0,f,s,0,No
a,23.58,11.5,y,p,k,h,3,f,f,0,t,g,16,No
b,21.42,0.75,y,p,r,n,0.75,f,f,0,t,g,2,No
b,33,2.5,y,p,w,v,7,f,f,0,t,g,0,No
b,26.33,13,u,g,e,dd,0,f,f,0,t,g,1110,No
a,45,4.585,u,g,k,h,1,f,f,0,t,s,0,No
b,26.25,1.54,u,g,w,v,0.125,f,f,0,f,g,0,No
?,28.17,0.585,u,g,aa,v,0.04,f,f,0,f,g,1004,No
a,20.83,0.5,y,p,e,dd,1,f,f,0,f,g,0,No
b,28.67,14.5,u,g,d,v,0.125,f,f,0,f,g,286,No
b,20.67,0.835,y,p,c,v,2,f,f,0,t,s,0,No
b,34.42,1.335,u,g,i,bb,0.125,f,f,0,t,g,4500,No
b,33.58,0.25,u,g,i,bb,4,f,f,0,t,s,0,No
b,43.17,5,u,g,i,bb,2.25,f,f,0,t,g,0,No
a,22.67,7,u,g,c,v,0.165,f,f,0,f,g,0,No
a,24.33,2.5,y,p,i,bb,4.5,f,f,0,f,g,456,No
a,56.83,4.25,y,p,ff,ff,5,f,f,0,t,g,4,No
b,22.08,11.46,u,g,k,v,1.585,f,f,0,t,g,1212,No
b,34,5.5,y,p,c,v,1.5,f,f,0,t,g,0,No
b,22.58,1.5,y,p,aa,v,0.54,f,f,0,t,g,67,No
b,21.17,0,u,g,c,v,0.5,f,f,0,t,s,0,No
b,26.67,14.585,u,g,i,bb,0,f,f,0,t,g,0,No
b,22.92,0.17,u,g,m,v,0.085,f,f,0,f,s,0,No
b,15.17,7,u,g,e,v,1,f,f,0,f,g,0,No
b,39.92,5,u,g,i,bb,0.21,f,f,0,f,g,0,No
b,27.42,12.5,u,g,aa,bb,0.25,f,f,0,t,g,0,No
b,24.75,0.54,u,g,m,v,1,f,f,0,t,g,1,No
b,41.17,1.25,y,p,w,v,0.25,f,f,0,f,g,195,No
a,33.08,1.625,u,g,d,v,0.54,f,f,0,t,g,0,No
b,29.83,2.04,y,p,x,h,0.04,f,f,0,f,g,1,No
a,23.58,0.585,y,p,ff,ff,0.125,f,f,0,f,g,87,No
b,26.17,12.5,y,p,k,h,1.25,f,f,0,t,g,17,No
b,31,2.085,u,g,c,v,0.085,f,f,0,f,g,0,No
b,20.75,5.085,y,p,j,v,0.29,f,f,0,f,g,184,No
b,28.92,0.375,u,g,c,v,0.29,f,f,0,f,g,140,No
a,51.92,6.5,u,g,i,bb,3.085,f,f,0,t,g,0,No
a,22.67,0.335,u,g,q,v,0.75,f,f,0,f,s,0,No
b,34,5.085,y,p,i,bb,1.085,f,f,0,t,g,0,No
a,69.5,6,u,g,ff,ff,0,f,f,0,f,s,0,No
a,40.33,8.125,y,p,k,v,0.165,f,t,2,f,g,18,No
a,19.58,0.665,y,p,c,v,1,f,t,1,f,g,2,No
b,16,3.125,u,g,w,v,0.085,f,t,1,f,g,6,No
b,17.08,0.25,u,g,q,v,0.335,f,t,4,f,g,8,No
b,31.25,2.835,u,g,ff,ff,0,f,t,5,f,g,146,No
b,25.17,3,u,g,c,v,1.25,f,t,1,f,g,22,No
a,22.67,0.79,u,g,i,v,0.085,f,f,0,f,g,0,No
b,40.58,1.5,u,g,i,bb,0,f,f,0,f,s,0,No
b,22.25,0.46,u,g,k,v,0.125,f,f,0,t,g,55,No
a,22.25,1.25,y,p,ff,ff,3.25,f,f,0,f,g,0,No
b,22.5,0.125,y,p,k,v,0.125,f,f,0,f,g,70,No
b,23.58,1.79,u,g,c,v,0.54,f,f,0,t,g,1,No
b,38.42,0.705,u,g,c,v,0.375,f,t,2,f,g,500,No
a,26.58,2.54,y,p,ff,ff,0,f,f,0,t,g,60,No
b,35,2.5,u,g,i,v,1,f,f,0,t,g,0,No
b,20.42,1.085,u,g,q,v,1.5,f,f,0,f,g,7,No
b,29.42,1.25,u,g,w,v,1.75,f,f,0,f,g,0,No
b,26.17,0.835,u,g,cc,v,1.165,f,f,0,f,g,0,No
b,33.67,2.165,u,g,c,v,1.5,f,f,0,f,p,0,No
b,24.58,1.25,u,g,c,v,0.25,f,f,0,f,g,0,No
a,27.67,2.04,u,g,w,v,0.25,f,f,0,t,g,50,No
b,37.5,0.835,u,g,e,v,0.04,f,f,0,f,g,5,No
b,49.17,2.29,u,g,ff,ff,0.29,f,f,0,f,g,3,No
b,33.58,0.335,y,p,cc,v,0.085,f,f,0,f,g,0,No
b,51.83,3,y,p,ff,ff,1.5,f,f,0,f,g,4,No
b,22.92,3.165,y,p,c,v,0.165,f,f,0,f,g,1058,No
b,21.83,1.54,u,g,k,v,0.085,f,f,0,t,g,0,No
b,25.25,1,u,g,aa,v,0.5,f,f,0,f,g,0,No
b,58.58,2.71,u,g,c,v,2.415,f,f,0,t,g,0,No
b,19,0,y,p,ff,ff,0,f,t,4,f,g,1,No
b,19.58,0.585,u,g,ff,ff,0,f,t,3,f,g,769,No
a,53.33,0.165,u,g,ff,ff,0,f,f,0,t,s,27,No
a,27.17,1.25,u,g,ff,ff,0,f,t,1,f,g,300,No
b,25.92,0.875,u,g,k,v,0.375,f,t,2,t,g,3,No
b,23.08,0,u,g,k,v,1,f,t,11,f,s,0,No
b,39.58,5,u,g,ff,ff,0,f,t,2,f,g,1,No
b,30.58,2.71,y,p,m,v,0.125,f,f,0,t,s,0,No
b,17.25,3,u,g,k,v,0.04,f,f,0,t,g,40,No
a,17.67,0,y,p,j,ff,0,f,f,0,f,g,0,No
a,49.58,11.25,u,g,ff,ff,0,f,f,0,f,g,5200,No
b,16.5,0.125,u,g,c,v,0.165,f,f,0,f,g,0,No
a,27.33,1.665,u,g,ff,ff,0,f,f,0,f,g,1,No
b,31.25,1.125,u,g,ff,ff,0,f,t,1,f,g,19,No
b,20,7,u,g,c,v,0.5,f,f,0,f,g,0,No
b,49.58,3,y,p,i,bb,7,f,f,0,f,g,1,No
b,39.5,1.625,u,g,c,v,1.5,f,f,0,f,g,316,No
b,36.5,4.25,u,g,q,v,3.5,f,f,0,f,g,50,No
?,29.75,0.665,u,g,w,v,0.25,f,f,0,t,g,0,No
b,52.42,1.5,u,g,d,v,3.75,f,f,0,t,g,350,No
b,36.17,18.125,u,g,w,v,0.085,f,f,0,f,g,3552,No
b,34.58,0,?,?,?,?,0,f,f,0,f,p,0,No
b,29.67,0.75,y,p,c,v,0.04,f,f,0,f,g,0,No
b,36.17,5.5,u,g,i,bb,5,f,f,0,f,g,687,No
b,25.67,0.29,y,p,c,v,1.5,f,f,0,t,g,0,No
a,24.5,2.415,y,p,c,v,0,f,f,0,f,g,0,No
b,24.08,0.875,u,g,m,v,0.085,f,t,4,f,g,1950,No
b,21.92,0.5,u,g,c,v,0.125,f,f,0,f,g,0,No
a,36.58,0.29,u,g,ff,ff,0,f,t,10,f,g,18,No
a,23,1.835,u,g,j,j,0,f,t,1,f,g,53,No
a,27.58,3,u,g,m,v,2.79,f,t,1,t,g,10,No
b,31.08,3.085,u,g,c,v,2.5,f,t,2,t,g,41,No
a,30.42,1.375,u,g,w,h,0.04,f,t,3,f,g,33,No
b,22.08,2.335,u,g,k,v,0.75,f,f,0,f,g,0,No
b,16.33,4.085,u,g,i,h,0.415,f,f,0,t,g,0,No
a,21.92,11.665,u,g,k,h,0.085,f,f,0,f,g,5,No
b,21.08,4.125,y,p,i,h,0.04,f,f,0,f,g,100,No
b,17.42,6.5,u,g,i,v,0.125,f,f,0,f,g,100,No
b,19.17,4,y,p,i,v,1,f,f,0,t,g,1000,No
b,20.67,0.415,u,g,c,v,0.125,f,f,0,f,g,44,No
b,26.75,2,u,g,d,v,0.75,f,f,0,t,g,0,No
b,23.58,0.835,u,g,i,h,0.085,f,f,0,t,g,5,No
b,39.17,2.5,y,p,i,h,10,f,f,0,t,s,0,No
b,22.75,11.5,u,g,i,v,0.415,f,f,0,f,g,0,No
?,26.5,2.71,y,p,?,?,0.085,f,f,0,f,s,0,No
a,16.92,0.5,u,g,i,v,0.165,f,t,6,t,g,35,No
b,23.5,3.165,y,p,k,v,0.415,f,t,1,t,g,80,No
a,17.33,9.5,u,g,aa,v,1.75,f,t,10,t,g,10,No
b,23.75,0.415,y,p,c,v,0.04,f,t,2,f,g,6,No
b,34.67,1.08,u,g,m,v,1.165,f,f,0,f,s,0,No
b,74.83,19,y,p,ff,ff,0.04,f,t,2,f,g,351,No
b,28.17,0.125,y,p,k,v,0.085,f,f,0,f,g,2100,No
b,24.5,13.335,y,p,aa,v,0.04,f,f,0,t,g,475,No
b,18.83,3.54,y,p,ff,ff,0,f,f,0,t,g,1,No
?,45.33,1,u,g,q,v,0.125,f,f,0,t,g,0,No
a,47.25,0.75,u,g,q,h,2.75,t,t,1,f,g,892,Yes
b,24.17,0.875,u,g,q,v,4.625,t,t,2,t,g,2000,Yes
b,39.25,9.5,u,g,m,v,6.5,t,t,14,f,g,4607,Yes
a,20.5,11.835,u,g,c,h,6,t,f,0,f,g,0,Yes
a,18.83,4.415,y,p,c,h,3,t,f,0,f,g,0,Yes
b,19.17,9.5,u,g,w,v,1.5,t,f,0,f,g,2206,Yes
a,25,0.875,u,g,x,h,1.04,t,f,0,t,g,5860,Yes
b,20.17,9.25,u,g,c,v,1.665,t,t,3,t,g,28,Yes
b,25.75,0.5,u,g,c,v,1.46,t,t,5,t,g,0,Yes
b,20.42,7,u,g,c,v,1.625,t,t,3,f,g,1391,Yes
b,49.58,4,u,g,x,v,5,t,t,3,t,g,2279,Yes
b,39,5,u,g,cc,v,3.5,t,t,10,t,g,0,Yes
a,64.08,0.165,u,g,ff,ff,0,t,t,1,f,g,100,Yes
b,28.25,5.125,u,g,x,v,4.75,t,t,2,f,g,7,Yes
a,28.75,3.75,u,g,c,v,1.085,t,t,1,t,g,0,Yes
b,31.33,19.5,u,g,c,v,7,t,t,16,f,g,5000,Yes
a,18.92,9,u,g,aa,v,0.75,t,t,2,f,g,591,Yes
a,24.75,3,u,g,q,h,1.835,t,t,19,f,g,500,Yes
a,30.67,12,u,g,c,v,2,t,t,1,f,g,19,Yes
b,21,4.79,y,p,w,v,2.25,t,t,1,t,g,300,Yes
b,13.75,4,y,p,w,v,1.75,t,t,2,t,g,1000,Yes
a,46,4,u,g,j,j,0,t,f,0,f,g,960,Yes
a,44.33,0,u,g,c,v,2.5,t,f,0,f,g,0,Yes
b,20.25,9.96,u,g,e,dd,0,t,f,0,f,g,0,Yes
b,22.67,2.54,y,p,c,h,2.585,t,f,0,f,g,0,Yes
b,49.58,10.5,u,g,x,v,6.5,t,f,0,f,g,0,Yes
a,60.92,5,u,g,aa,v,4,t,t,4,f,g,99,Yes
b,16.08,0.75,u,g,c,v,1.75,t,t,5,t,g,690,Yes
a,28.17,0.375,u,g,q,v,0.585,t,t,4,f,g,0,Yes
b,39.17,1.71,u,g,x,v,0.125,t,t,5,t,g,0,Yes
?,20.42,7.5,u,g,k,v,1.5,t,t,1,f,g,234,Yes
a,30,5.29,u,g,e,dd,2.25,t,t,5,t,g,500,Yes
b,22.83,3,u,g,m,v,1.29,t,t,1,f,g,800,Yes
a,22.5,8.5,u,g,q,v,1.75,t,t,10,f,g,990,No
a,28.58,1.665,u,g,q,v,2.415,t,f,0,t,g,0,No
b,45.17,1.5,u,g,c,v,2.5,t,f,0,t,g,0,No
b,41.58,1.75,u,g,k,v,0.21,t,f,0,f,g,0,No
a,57.08,0.335,u,g,i,bb,1,t,f,0,t,g,2197,No
a,55.75,7.08,u,g,k,h,6.75,t,t,3,t,g,50,No
b,43.25,25.21,u,g,q,h,0.21,t,t,1,f,g,90,No
a,25.33,2.085,u,g,c,h,2.75,t,f,0,t,g,1,No
a,24.58,0.67,u,g,aa,h,1.75,t,f,0,f,g,0,No
b,43.17,2.25,u,g,i,bb,0.75,t,f,0,f,g,0,No
b,40.92,0.835,u,g,ff,ff,0,t,f,0,f,g,1,No
b,31.83,2.5,u,g,aa,v,7.5,t,f,0,t,g,0,No
a,33.92,1.585,y,p,ff,ff,0,t,f,0,f,g,0,No
a,24.92,1.25,u,g,ff,ff,0,t,f,0,f,g,0,No
b,35.25,3.165,u,g,x,h,3.75,t,f,0,t,g,0,No
b,34.25,1.75,u,g,w,bb,0.25,t,f,0,t,g,0,No
b,80.25,5.5,u,g,?,?,0.54,t,f,0,f,g,340,No
b,19.42,1.5,y,p,cc,v,2,t,f,0,t,g,20,No
b,42.75,3,u,g,i,bb,1,t,f,0,f,g,200,No
b,19.67,10,y,p,k,h,0.835,t,f,0,t,g,0,No
b,36.33,3.79,u,g,w,v,1.165,t,f,0,t,g,0,No
b,30.08,1.04,y,p,i,bb,0.5,t,t,10,t,g,28,No
b,44.25,11,y,p,d,v,1.5,t,f,0,f,s,0,No
b,23.58,0.46,y,p,w,v,2.625,t,t,6,t,g,347,No
b,23.92,1.5,u,g,d,h,1.875,t,t,6,f,g,327,Yes
b,33.17,1,u,g,x,v,0.75,t,t,7,t,g,4071,Yes
b,48.33,12,u,g,m,v,16,t,f,0,f,s,0,Yes
b,76.75,22.29,u,g,e,z,12.75,t,t,1,t,g,109,Yes
b,51.33,10,u,g,i,bb,0,t,t,11,f,g,1249,Yes
b,34.75,15,u,g,r,n,5.375,t,t,9,t,g,134,Yes
b,38.58,3.335,u,g,w,v,4,t,t,14,f,g,1344,Yes
a,22.42,11.25,y,p,x,h,0.75,t,t,4,f,g,321,Yes
b,41.92,0.42,u,g,c,h,0.21,t,t,6,f,g,948,Yes
b,29.58,4.5,u,g,w,v,7.5,t,t,2,t,g,0,Yes
a,32.17,1.46,u,g,w,v,1.085,t,t,16,f,g,2079,Yes
b,51.42,0.04,u,g,x,h,0.04,t,f,0,f,g,3000,Yes
a,22.83,2.29,u,g,q,h,2.29,t,t,7,t,g,2384,Yes
a,25,12.33,u,g,cc,h,3.5,t,t,6,f,g,458,Yes
b,26.75,1.125,u,g,x,h,1.25,t,f,0,f,g,5298,Yes
b,23.33,1.5,u,g,c,h,1.415,t,f,0,f,g,200,Yes
b,24.42,12.335,u,g,q,h,1.585,t,f,0,t,g,0,Yes
b,42.17,5.04,u,g,q,h,12.75,t,f,0,t,g,0,Yes
a,20.83,3,u,g,aa,v,0.04,t,f,0,f,g,0,Yes
b,23.08,11.5,u,g,w,h,2.125,t,t,11,t,g,284,Yes
a,25.17,2.875,u,g,x,h,0.875,t,f,0,f,g,0,Yes
b,43.08,0.375,y,p,c,v,0.375,t,t,8,t,g,162,Yes
a,35.75,0.915,u,g,aa,v,0.75,t,t,4,f,g,1583,Yes
b,59.5,2.75,u,g,w,v,1.75,t,t,5,t,g,58,Yes
b,21,3,y,p,d,v,1.085,t,t,8,t,g,1,Yes
b,21.92,0.54,y,p,x,v,0.04,t,t,1,t,g,59,Yes
a,65.17,14,u,g,ff,ff,0,t,t,11,t,g,1400,Yes
a,20.33,10,u,g,c,h,1,t,t,4,f,g,1465,Yes
b,32.25,0.165,y,p,c,h,3.25,t,t,1,t,g,8000,Yes
b,30.17,0.5,u,g,c,v,1.75,t,t,11,f,g,540,Yes
b,25.17,6,u,g,c,v,1,t,t,3,f,g,0,Yes
b,39.17,1.625,u,g,c,v,1.5,t,t,10,f,g,4700,Yes
b,39.08,6,u,g,m,v,1.29,t,t,5,t,g,1097,Yes
b,31.67,0.83,u,g,x,v,1.335,t,t,8,t,g,3290,Yes
b,41,0.04,u,g,e,v,0.04,f,t,1,f,s,0,Yes
b,48.5,4.25,u,g,m,v,0.125,t,f,0,t,g,0,Yes
b,32.67,9,y,p,w,h,5.25,t,f,0,t,g,0,Yes
a,28.08,15,y,p,e,z,0,t,f,0,f,g,13212,Yes
b,73.42,17.75,u,g,ff,ff,0,t,f,0,t,g,0,Yes
b,64.08,20,u,g,x,h,17.5,t,t,9,t,g,1000,Yes
b,51.58,15,u,g,c,v,8.5,t,t,9,f,g,0,Yes
b,26.67,1.75,y,p,c,v,1,t,t,5,t,g,5777,Yes
b,25.33,0.58,u,g,c,v,0.29,t,t,7,t,g,5124,Yes
b,30.17,6.5,u,g,cc,v,3.125,t,t,8,f,g,1200,Yes
b,27,0.75,u,g,c,h,4.25,t,t,3,t,g,150,Yes
b,23.17,0,?,?,?,?,0,f,f,0,f,p,0,Yes
b,34.17,5.25,u,g,w,v,0.085,f,f,0,t,g,6,Yes
b,38.67,0.21,u,g,k,v,0.085,t,f,0,t,g,0,Yes
b,25.75,0.75,u,g,c,bb,0.25,t,f,0,f,g,23,Yes
a,46.08,3,u,g,c,v,2.375,t,t,8,t,g,4159,Yes
a,21.5,6,u,g,aa,v,2.5,t,t,3,f,g,918,Yes
?,20.08,0.125,u,g,q,v,1,f,t,1,f,g,768,Yes
b,20.5,2.415,u,g,c,v,2,t,t,11,t,g,3000,Yes
a,29.5,0.46,u,g,k,v,0.54,t,t,4,f,g,500,Yes
?,42.25,1.75,y,p,?,?,0,f,f,0,t,g,1,No
b,29.83,1.25,y,p,k,v,0.25,f,f,0,f,g,0,No
b,20.08,0.25,u,g,q,v,0.125,f,f,0,f,g,0,No
b,23.42,0.585,u,g,c,h,0.085,t,f,0,f,g,0,No
a,29.58,1.75,y,p,k,v,1.25,f,f,0,t,g,0,No
b,16.17,0.04,u,g,c,v,0.04,f,f,0,f,g,0,Yes
b,32.33,3.5,u,g,k,v,0.5,f,f,0,t,g,0,No
b,49.58,0.04,y,p,d,v,4.25,f,f,0,t,g,0,No
b,47.83,4.165,u,g,x,bb,0.085,f,f,0,t,g,0,No
b,20,1.25,y,p,k,v,0.125,f,f,0,f,g,4,No
b,27.58,3.25,y,p,q,h,5.085,f,t,2,t,g,1,No
b,22,0.79,u,g,w,v,0.29,f,t,1,f,g,283,No
b,19.33,10.915,u,g,c,bb,0.585,f,t,2,t,g,7,No
a,38.33,4.415,u,g,c,v,0.125,f,f,0,f,g,0,No
b,29.42,1.25,u,g,c,h,0.25,f,t,2,t,g,108,No
b,22.67,0.75,u,g,i,v,1.585,f,t,1,t,g,9,No
b,32.25,14,y,p,ff,ff,0,f,t,2,f,g,1,No
b,29.58,4.75,u,g,m,v,2,f,t,1,t,g,68,No
b,18.42,10.415,y,p,aa,v,0.125,t,f,0,f,g,375,No
b,22.17,2.25,u,g,i,v,0.125,f,f,0,f,g,10,No
b,22.67,0.165,u,g,c,j,2.25,f,f,0,t,s,0,Yes
a,25.58,0,?,?,?,?,0,f,f,0,f,p,0,Yes
b,18.83,0,u,g,q,v,0.665,f,f,0,f,g,1,No
b,21.58,0.79,y,p,cc,v,0.665,f,f,0,f,g,0,No
b,23.75,12,u,g,c,v,2.085,f,f,0,f,s,0,No
b,22,7.835,y,p,i,bb,0.165,f,f,0,t,g,0,No
b,36.08,2.54,u,g,ff,ff,0,f,f,0,f,g,1000,No
b,29.25,13,u,g,d,h,0.5,f,f,0,f,g,0,No
a,19.58,0.665,u,g,w,v,1.665,f,f,0,f,g,5,No
a,22.92,1.25,u,g,q,v,0.25,f,f,0,t,g,809,No
a,27.25,0.29,u,g,m,h,0.125,f,t,1,t,g,108,No
a,38.75,1.5,u,g,ff,ff,0,f,f,0,f,g,0,No
b,32.42,2.165,y,p,k,ff,0,f,f,0,f,g,0,No
a,23.75,0.71,u,g,w,v,0.25,f,t,1,t,g,4,No
b,18.17,2.46,u,g,c,n,0.96,f,t,2,t,g,587,No
b,40.92,0.5,y,p,m,v,0.5,f,f,0,t,g,0,No
b,19.5,9.585,u,g,aa,v,0.79,f,f,0,f,g,350,No
b,28.58,3.625,u,g,aa,v,0.25,f,f,0,t,g,0,No
b,35.58,0.75,u,g,k,v,1.5,f,f,0,t,g,0,No
b,34.17,2.75,u,g,i,bb,2.5,f,f,0,t,g,200,No
?,33.17,2.25,y,p,cc,v,3.5,f,f,0,t,g,141,No
b,31.58,0.75,y,p,aa,v,3.5,f,f,0,t,g,0,No
a,52.5,7,u,g,aa,h,3,f,f,0,f,g,0,No
b,36.17,0.42,y,p,w,v,0.29,f,f,0,t,g,2,No
b,37.33,2.665,u,g,cc,v,0.165,f,f,0,t,g,501,No
a,20.83,8.5,u,g,c,v,0.165,f,f,0,f,g,351,No
b,24.08,9,u,g,aa,v,0.25,f,f,0,t,g,0,No
b,25.58,0.335,u,g,k,h,3.5,f,f,0,t,g,0,No
a,35.17,3.75,u,g,ff,ff,0,f,t,6,f,g,200,No
b,48.08,3.75,u,g,i,bb,1,f,f,0,f,g,2,No
a,15.83,7.625,u,g,q,v,0.125,f,t,1,t,g,160,No
a,22.5,0.415,u,g,i,v,0.335,f,f,0,t,s,0,No
b,21.5,11.5,u,g,i,v,0.5,t,f,0,t,g,68,No
a,23.58,0.83,u,g,q,v,0.415,f,t,1,t,g,11,No
a,21.08,5,y,p,ff,ff,0,f,f,0,f,g,0,No
b,25.67,3.25,u,g,c,h,2.29,f,t,1,t,g,21,No
a,38.92,1.665,u,g,aa,v,0.25,f,f,0,f,g,390,No
a,15.75,0.375,u,g,c,v,1,f,f,0,f,g,18,No
a,28.58,3.75,u,g,c,v,0.25,f,t,1,t,g,154,No
b,22.25,9,u,g,aa,v,0.085,f,f,0,f,g,0,No
b,29.83,3.5,u,g,c,v,0.165,f,f,0,f,g,0,No
a,23.5,1.5,u,g,w,v,0.875,f,f,0,t,g,0,No
b,32.08,4,y,p,cc,v,1.5,f,f,0,t,g,0,No
b,31.08,1.5,y,p,w,v,0.04,f,f,0,f,s,0,No
b,31.83,0.04,y,p,m,v,0.04,f,f,0,f,g,0,No
a,21.75,11.75,u,g,c,v,0.25,f,f,0,t,g,0,No
a,17.92,0.54,u,g,c,v,1.75,f,t,1,t,g,5,No
b,30.33,0.5,u,g,d,h,0.085,f,f,0,t,s,0,No
b,51.83,2.04,y,p,ff,ff,1.5,f,f,0,f,g,1,No
b,47.17,5.835,u,g,w,v,5.5,f,f,0,f,g,150,No
b,25.83,12.835,u,g,cc,v,0.5,f,f,0,f,g,2,No
a,50.25,0.835,u,g,aa,v,0.5,f,f,0,t,g,117,No
?,29.5,2,y,p,e,h,2,f,f,0,f,g,17,No
a,37.33,2.5,u,g,i,h,0.21,f,f,0,f,g,246,No
a,41.58,1.04,u,g,aa,v,0.665,f,f,0,f,g,237,No
a,30.58,10.665,u,g,q,h,0.085,f,t,12,t,g,3,No
b,19.42,7.25,u,g,m,v,0.04,f,t,1,f,g,1,No
a,17.92,10.21,u,g,ff,ff,0,f,f,0,f,g,50,No
a,20.08,1.25,u,g,c,v,0,f,f,0,f,g,0,No
b,19.5,0.29,u,g,k,v,0.29,f,f,0,f,g,364,No
b,27.83,1,y,p,d,h,3,f,f,0,f,g,537,No
b,17.08,3.29,u,g,i,v,0.335,f,f,0,t,g,2,No
b,36.42,0.75,y,p,d,v,0.585,f,f,0,f,g,3,No
b,40.58,3.29,u,g,m,v,3.5,f,f,0,t,s,0,No
b,21.08,10.085,y,p,e,h,1.25,f,f,0,f,g,0,No
a,22.67,0.75,u,g,c,v,2,f,t,2,t,g,394,No
a,25.25,13.5,y,p,ff,ff,2,f,t,1,t,g,1,No
b,17.92,0.205,u,g,aa,v,0.04,f,f,0,f,g,750,No
b,35,3.375,u,g,c,h,8.29,f,f,0,t,g,0,No